-- ============================================================
-- 002_seed_data.sql  —  Complete business data seed
-- ============================================================
SET NAMES utf8mb4;

-- ─── Users ──────────────────────────────────────────────────
-- ID=1 already exists (超级管理员), insert from ID=2 onwards
INSERT INTO users (id, name, email, status, created_at, updated_at) VALUES
(2,  '李娜',   'lina@example.com',      '启用', '2026-01-08 14:30:00', '2026-01-08 14:30:00'),
(3,  '王芳',   'wangfang@example.com',  '禁用', '2026-01-12 09:15:00', '2026-01-12 09:15:00'),
(4,  '刘洋',   'liuyang@example.com',   '启用', '2026-01-15 16:45:00', '2026-01-15 16:45:00'),
(5,  '陈静',   'chenjing@example.com',  '启用', '2026-01-20 11:20:00', '2026-01-20 11:20:00'),
(6,  '赵磊',   'zhaolei@example.com',   '启用', '2026-02-01 08:50:00', '2026-02-01 08:50:00'),
(7,  '孙丽',   'sunli@example.com',     '禁用', '2026-02-05 13:35:00', '2026-02-05 13:35:00'),
(8,  '周强',   'zhouqiang@example.com', '启用', '2026-02-10 17:00:00', '2026-02-10 17:00:00'),
(9,  '吴鑫',   'wuxin@example.com',     '禁用', '2026-02-15 10:10:00', '2026-02-15 10:10:00'),
(10, '郑华',   'zhenghua@example.com',  '启用', '2026-02-20 15:25:00', '2026-02-20 15:25:00'),
(11, '冯博',   'fengbo@example.com',    '启用', '2026-03-01 09:00:00', '2026-03-01 09:00:00'),
(12, '蒋雪',   'jiangxue@example.com',  '禁用', '2026-03-06 14:40:00', '2026-03-06 14:40:00'),
(13, '韩涛',   'hantao@example.com',    '启用', '2026-03-10 11:55:00', '2026-03-10 11:55:00'),
(14, '杨梅',   'yangmei@example.com',   '启用', '2026-03-15 16:15:00', '2026-03-15 16:15:00'),
(15, '许龙',   'xulong@example.com',    '禁用', '2026-03-20 08:30:00', '2026-03-20 08:30:00');

-- ─── Roles ──────────────────────────────────────────────────
-- ID=1 already exists (超级管理员)
INSERT INTO roles (id, name, remark, created_at, updated_at) VALUES
(2, '管理员', '系统管理权限', '2026-01-01 00:00:00', '2026-01-01 00:00:00'),
(3, '审核员', '剧本和漫画审核', '2026-01-01 00:00:00', '2026-01-01 00:00:00'),
(4, '编剧',   '剧本创作和编辑', '2026-01-01 00:00:00', '2026-01-01 00:00:00'),
(5, '制作人', '漫画制作和交付', '2026-01-01 00:00:00', '2026-01-01 00:00:00');

-- Role permissions (subset for non-admin roles)
INSERT INTO role_permissions (role_id, permission_key) VALUES
-- 管理员
(2,'system.user.list'),(2,'system.user.add'),(2,'system.user.edit'),
(2,'system.role.list'),(2,'system.role.add'),(2,'system.role.edit'),
(2,'resource.book.list'),(2,'resource.book.detail'),
-- 审核员
(3,'review.script.hall_list'),(3,'review.script.hall_detail'),(3,'review.script.hall_take'),(3,'review.script.hall_log'),
(3,'review.script.my_list'),(3,'review.script.my_detail'),(3,'review.script.my_review'),(3,'review.script.my_log'),
(3,'review.comic.list'),(3,'review.comic.detail'),(3,'review.comic.review'),(3,'review.comic.log'),
-- 编剧
(4,'resource.book.list'),(4,'resource.book.detail'),(4,'resource.book.script'),(4,'resource.book.detail_script'),
(4,'resource.script.list'),(4,'resource.script.detail'),(4,'resource.script.publish'),
(4,'scriptCreate.list'),(4,'scriptCreate.edit'),(4,'scriptCreate.delLog'),
-- 制作人
(5,'comicMake.hall.list'),(5,'comicMake.hall.detail'),(5,'comicMake.hall.take'),(5,'comicMake.hall.cancel'),(5,'comicMake.hall.log'),
(5,'comicMake.my.list'),(5,'comicMake.my.detail'),(5,'comicMake.my.upload1'),(5,'comicMake.my.upload2'),(5,'comicMake.my.upload3'),(5,'comicMake.my.log'),
(5,'resource.comic.list'),(5,'resource.comic.detail'),(5,'resource.comic.download');

-- ─── User-Role assignments ──────────────────────────────────
INSERT INTO user_roles (user_id, role_id) VALUES
(2,2),(2,3),    -- 李娜: 管理员+审核员
(3,3),          -- 王芳: 审核员
(4,4),          -- 刘洋: 编剧
(5,5),          -- 陈静: 制作人
(6,3),(6,5),    -- 赵磊: 审核员+制作人
(7,4),          -- 孙丽: 编剧
(8,2),(8,5),    -- 周强: 管理员+制作人
(9,5),          -- 吴鑫: 制作人
(10,4),(10,3),  -- 郑华: 编剧+审核员
(11,3),         -- 冯博: 审核员
(12,2),(12,4),(12,3), -- 蒋雪: 管理员+编剧+审核员
(13,5),         -- 韩涛: 制作人
(14,4),         -- 杨梅: 编剧
(15,3);         -- 许龙: 审核员

-- ─── Scripts (已发布剧本) ───────────────────────────────────
-- BookID references books.id (1~15), WriterID references users who are 编剧 (4,7,10,12,14)
INSERT INTO scripts (id, script_id, script_name, episode_count, pay_episode, book_id, script_type, writer_id, reviewer_id, created_at, content) VALUES
(1,  'SCR20260310001', '把我的幸运分你一半-剧本A', 80,  '第12集', 1,  '原作',   4,  2,  '2026-03-10 10:00:00', ''),
(2,  'SCR20260310002', '把我的幸运分你一半-剧本B', 75,  '第10集', 1,  '多版本', 14, 3,  '2026-03-10 14:00:00', ''),
(3,  'SCR20260311001', '霸总今天心动了吗-剧本',    90,  '第15集', 2,  '原作',   4,  11, '2026-03-11 09:30:00', ''),
(4,  'SCR20260312001', '必齐之江-剧本',            60,  '第8集',  3,  '原作',   10, 2,  '2026-03-12 11:00:00', ''),
(5,  'SCR20260313001', '等一颗流星-剧本A',         85,  '第12集', 4,  '原作',   7,  6,  '2026-03-13 10:00:00', ''),
(6,  'SCR20260313002', '等一颗流星-剧本B',         70,  '第10集', 4,  '多版本', 14, 11, '2026-03-13 15:00:00', ''),
(7,  'SCR20260314001', '第一女首辅-剧本',          100, '第18集', 5,  '原作',   4,  3,  '2026-03-14 09:00:00', ''),
(8,  'SCR20260315001', '解落三秋叶-剧本',          65,  '第9集',  6,  '原作',   10, 2,  '2026-03-15 10:30:00', ''),
(9,  'SCR20260316001', '抹杀渣男系统-剧本',        95,  '第14集', 7,  '原作',   7,  11, '2026-03-16 11:00:00', ''),
(10, 'SCR20260317001', '陌生的妻子-剧本A',         55,  '第7集',  8,  '原作',   14, 6,  '2026-03-17 09:00:00', ''),
(11, 'SCR20260317002', '陌生的妻子-剧本B',         60,  '第8集',  8,  '多版本', 4,  3,  '2026-03-17 14:00:00', ''),
(12, 'SCR20260318001', '那扇门的背后究竟是谁-剧本', 88, '第13集', 9,  '原作',   10, 2,  '2026-03-18 10:00:00', ''),
(13, 'SCR20260320001', '青梅竹马囚禁了我-剧本',    72,  '第10集', 11, '原作',   7,  11, '2026-03-20 11:00:00', ''),
(14, 'SCR20260322001', '凶宅婆婆-剧本',            68,  '第9集',  14, '原作',   4,  6,  '2026-03-22 09:00:00', ''),
(15, 'SCR20260323001', '月下昙火-剧本',            78,  '第11集', 15, '原作',   14, 2,  '2026-03-23 10:00:00', '');

-- ─── Script Drafts (various statuses) ───────────────────────
INSERT INTO script_drafts (id, script_name, book_id, script_type, original_script_id, audit_status, writer_id, reviewer_id, audit_opinion, episode_count, pay_episode, created_at, updated_at, content) VALUES
(1,  '前任发现喜当爹后-剧本',     10, '原作',   NULL, '待提审',   4,  NULL, '',                      50, '第7集',  '2026-03-25 09:00:00', '2026-03-25 09:00:00', ''),
(2,  '替身崛起揍男主-剧本',       12, '原作',   NULL, '待认领',   7,  NULL, '',                      82, '第12集', '2026-03-25 14:00:00', '2026-03-26 10:00:00', ''),
(3,  '为了拒绝配平文学-剧本A',    13, '原作',   NULL, '审核中',   10, 2,    '',                      90, '第13集', '2026-03-26 09:00:00', '2026-03-27 11:00:00', ''),
(4,  '为了拒绝配平文学-剧本B',    13, '多版本', NULL, '审核中',   14, 11,   '',                      85, '第12集', '2026-03-26 15:00:00', '2026-03-27 14:00:00', ''),
(5,  '解落三秋叶-剧本B',          6,  '多版本', 8,    '已通过',   4,  6,    '内容完整，审核通过',     62, '第8集',  '2026-03-27 10:00:00', '2026-03-28 16:00:00', ''),
(6,  '抹杀渣男系统-剧本B',        7,  '多版本', 9,    '驳回修改', 7,  3,    '第23集剧情逻辑需要修改', 90, '第13集', '2026-03-28 09:00:00', '2026-03-29 11:00:00', ''),
(7,  '那扇门的背后究竟是谁-剧本B', 9, '多版本', 12,   '待提审',   14, NULL, '',                      85, '第12集', '2026-03-29 10:00:00', '2026-03-29 10:00:00', ''),
(8,  '霸总今天心动了吗-剧本B',    2,  '多版本', 3,    '已通过',   10, 2,    '情节饱满，通过',         88, '第14集', '2026-03-20 09:00:00', '2026-03-22 15:00:00', '');

-- ─── Script Audit Logs ──────────────────────────────────────
INSERT INTO script_audit_logs (id, script_draft_id, action, operator_id, opinion, created_at) VALUES
(1,  2, '提交审核',  7,  '', '2026-03-26 10:00:00'),
(2,  3, '提交审核',  10, '', '2026-03-27 09:00:00'),
(3,  3, '认领审核',  2,  '', '2026-03-27 11:00:00'),
(4,  4, '提交审核',  14, '', '2026-03-27 10:00:00'),
(5,  4, '认领审核',  11, '', '2026-03-27 14:00:00'),
(6,  5, '提交审核',  4,  '', '2026-03-27 10:00:00'),
(7,  5, '认领审核',  6,  '', '2026-03-27 14:00:00'),
(8,  5, '审核通过',  6,  '内容完整，审核通过', '2026-03-28 16:00:00'),
(9,  6, '提交审核',  7,  '', '2026-03-28 10:00:00'),
(10, 6, '认领审核',  3,  '', '2026-03-28 14:00:00'),
(11, 6, '审核驳回',  3,  '第23集剧情逻辑需要修改', '2026-03-29 11:00:00'),
(12, 8, '提交审核',  10, '', '2026-03-20 14:00:00'),
(13, 8, '认领审核',  2,  '', '2026-03-21 09:00:00'),
(14, 8, '审核通过',  2,  '情节饱满，通过', '2026-03-22 15:00:00');

-- ─── Production Tasks ───────────────────────────────────────
-- task_type: 制作 | 修改
-- task_progress: 待认领 | 初版制作中 | 初版审核中 | 终版制作中 | 终版审核中 | 修改版制作中 | 修改版审核中 | 已完成 | 已取消
INSERT INTO production_tasks (id, task_name, script_id, comic_id, episode_count, art_style, visual_effect, aspect_ratio, production_remark, task_type, task_progress, initiator_id, producer_id, reviewer_id, publish_time, created_at, updated_at) VALUES
(1,  '把我的幸运分你一半-制作',    1,  NULL, 80,  '解说漫',   '2D',    '竖屏 9:16',  '', '制作', '已完成',      1,  5,    2,    '2026-03-12 10:00:00', '2026-03-12 10:00:00', '2026-04-02 16:00:00'),
(2,  '霸总今天心动了吗-制作',      3,  NULL, 90,  '动画漫',   '2D',    '竖屏 9:16',  '', '制作', '已完成',      1,  13,   11,   '2026-03-13 09:00:00', '2026-03-13 09:00:00', '2026-04-03 14:00:00'),
(3,  '必齐之江-制作',              4,  NULL, 60,  '仿真人剧', '仿真人','横屏 16:9',  '', '制作', '终版审核中',  1,  5,    6,    '2026-03-14 10:00:00', '2026-03-14 10:00:00', '2026-04-04 11:00:00'),
(4,  '等一颗流星-制作',            5,  NULL, 85,  '沙雕漫',   '2D',    '竖屏 9:16',  '', '制作', '终版制作中',  1,  8,    2,    '2026-03-15 09:00:00', '2026-03-15 09:00:00', '2026-04-04 09:00:00'),
(5,  '第一女首辅-制作',            7,  NULL, 100, '动画漫',   '3D',    '竖屏 9:16',  '', '制作', '初版审核中',  1,  13,   3,    '2026-03-16 10:00:00', '2026-03-16 10:00:00', '2026-04-03 15:00:00'),
(6,  '解落三秋叶-制作',            8,  NULL, 65,  '解说漫',   '2D',    '横屏 16:9',  '', '制作', '初版制作中',  1,  5,    NULL, '2026-03-17 09:00:00', '2026-03-17 09:00:00', '2026-03-20 10:00:00'),
(7,  '抹杀渣男系统-制作',          9,  NULL, 95,  '动画漫',   '2D',    '竖屏 9:16',  '', '制作', '待认领',      1,  NULL, NULL, '2026-03-18 10:00:00', '2026-03-18 10:00:00', '2026-03-18 10:00:00'),
(8,  '陌生的妻子-制作',            10, NULL, 55,  '仿真人剧', '仿真人','竖屏 9:16',  '', '制作', '待认领',      1,  NULL, NULL, '2026-03-19 09:00:00', '2026-03-19 09:00:00', '2026-03-19 09:00:00'),
(9,  '那扇门的背后究竟是谁-制作',  12, NULL, 88,  '沙雕漫',   '3D',    '横屏 16:9',  '', '制作', '初版制作中',  1,  6,    NULL, '2026-03-20 10:00:00', '2026-03-20 10:00:00', '2026-03-22 14:00:00'),
(10, '青梅竹马囚禁了我-制作',      13, NULL, 72,  '动画漫',   '2D',    '竖屏 9:16',  '', '制作', '初版审核中',  1,  8,    11,   '2026-03-21 09:00:00', '2026-03-21 09:00:00', '2026-04-01 10:00:00'),
(11, '凶宅婆婆-制作',              14, NULL, 68,  '解说漫',   '2D',    '竖屏 9:16',  '', '制作', '待认领',      1,  NULL, NULL, '2026-03-22 10:00:00', '2026-03-22 10:00:00', '2026-03-22 10:00:00'),
(12, '月下昙火-制作',              15, NULL, 78,  '动画漫',   '3D',    '竖屏 9:16',  '', '制作', '初版制作中',  1,  13,   NULL, '2026-03-23 09:00:00', '2026-03-23 09:00:00', '2026-03-25 10:00:00'),
(13, '把我的幸运分你一半-修改',    1,  1,    80,  '解说漫',   '2D',    '竖屏 9:16',  '第3、5集画面需调整', '修改', '修改版制作中', 2, 5, NULL, '2026-04-05 10:00:00', '2026-04-05 10:00:00', '2026-04-06 09:00:00');

-- ─── Task Deliveries ────────────────────────────────────────
INSERT INTO task_deliveries (id, task_id, delivery_type, episode_name, cover_url, created_at) VALUES
(1, 1, '初版',  '把我的幸运分你一半', '', '2026-03-20 16:00:00'),
(2, 1, '终版',  '把我的幸运分你一半', '', '2026-03-30 14:00:00'),
(3, 2, '初版',  '霸总今天心动了吗',   '', '2026-03-22 15:00:00'),
(4, 2, '终版',  '霸总今天心动了吗',   '', '2026-04-01 10:00:00'),
(5, 3, '初版',  '必齐之江',           '', '2026-03-25 11:00:00'),
(6, 3, '终版',  '必齐之江',           '', '2026-04-03 10:00:00'),
(7, 4, '初版',  '等一颗流星',         '', '2026-03-26 14:00:00'),
(8, 5, '初版',  '第一女首辅',         '', '2026-03-28 16:00:00'),
(9, 9, '初版',  '那扇门的背后究竟是谁', '', '2026-04-01 11:00:00'),
(10,10,'初版',  '青梅竹马囚禁了我',   '', '2026-03-30 15:00:00');

-- ─── Task Delivery Files ────────────────────────────────────
INSERT INTO task_delivery_files (id, delivery_id, file_type, episode_num, file_url, file_name, file_size, created_at) VALUES
(1,  1, '初版视频',   1, '/uploads/videos/drafts/1775632906856.mp4', '第1集-初版.mp4', 52428800, '2026-03-20 16:00:00'),
(2,  1, '初版视频',   2, '/uploads/videos/drafts/1775632946812.mp4', '第2集-初版.mp4', 48234567, '2026-03-20 16:05:00'),
(3,  1, '初版视频',   3, '/uploads/videos/drafts/1775633839394.mp4', '第3集-初版.mp4', 55123456, '2026-03-20 16:10:00'),
(4,  2, '有字幕视频', 1, '/uploads/videos/final/1775642435858.mp4',  '第1集-终版.mp4', 62914560, '2026-03-30 14:00:00'),
(5,  2, '有字幕视频', 2, '/uploads/videos/final/1775642435861.mp4',  '第2集-终版.mp4', 58720256, '2026-03-30 14:05:00'),
(6,  2, '无字幕视频', 1, '/uploads/videos/final/1775642435864.mp4',  '第1集-无字幕.mp4', 61865984, '2026-03-30 14:10:00'),
(7,  2, '无字幕视频', 2, '/uploads/videos/final/1775642435865.mp4',  '第2集-无字幕.mp4', 57671680, '2026-03-30 14:15:00'),
(8,  2, '封面图',     0, '/uploads/images/covers/1775642394831.png', '封面.png', 2048000, '2026-03-30 14:20:00'),
(9,  2, '版权证明',   0, '/uploads/images/copyright/1775642973805.png', '版权证明1.png', 1536000, '2026-03-30 14:25:00'),
(10, 3, '初版视频',   1, '/uploads/videos/drafts/1775638133900.mp4', '第1集-初版.mp4', 50331648, '2026-03-22 15:00:00'),
(11, 3, '初版视频',   2, '/uploads/videos/drafts/1775640026744.mp4', '第2集-初版.mp4', 53477376, '2026-03-22 15:05:00'),
(12, 4, '有字幕视频', 1, '/uploads/videos/final/1775642456442.mp4',  '第1集-终版.mp4', 64000000, '2026-04-01 10:00:00'),
(13, 4, '有字幕视频', 2, '/uploads/videos/final/1775642456445.mp4',  '第2集-终版.mp4', 60000000, '2026-04-01 10:05:00'),
(14, 4, '封面图',     0, '/uploads/images/covers/1775642394834.png', '封面.png', 1800000, '2026-04-01 10:10:00'),
(15, 4, '版权证明',   0, '/uploads/images/copyright/1775642973807.png', '版权证明1.png', 1400000, '2026-04-01 10:15:00'),
(16, 5, '初版视频',   1, '/uploads/videos/drafts/1775641247924.mp4', '第1集-初版.mp4', 51200000, '2026-03-25 11:00:00'),
(17, 6, '有字幕视频', 1, '/uploads/videos/final/1775642474321.mp4',  '第1集-终版.mp4', 63000000, '2026-04-03 10:00:00'),
(18, 6, '有字幕视频', 2, '/uploads/videos/final/1775642474322.mp4',  '第2集-终版.mp4', 59000000, '2026-04-03 10:05:00'),
(19, 7, '初版视频',   1, '/uploads/videos/drafts/1775641652491.mp4', '第1集-初版.mp4', 49000000, '2026-03-26 14:00:00'),
(20, 8, '初版视频',   1, '/uploads/videos/drafts/1775641732410.mp4', '第1集-初版.mp4', 54000000, '2026-03-28 16:00:00'),
(21, 8, '初版视频',   2, '/uploads/videos/drafts/1775642084261.mp4', '第2集-初版.mp4', 52000000, '2026-03-28 16:05:00');

-- ─── Comics (from completed production tasks) ───────────────
INSERT INTO comics (id, comic_id, episode_name, script_id, cover_url, episode_count, pay_episode, art_style, visual_effect, aspect_ratio, writer_id, producer_id, copyright_images, created_at, updated_at) VALUES
(1, 'CMC20260402001', '把我的幸运分你一半', 1, '/uploads/images/covers/1775642394831.png', 80, '第12集', '解说漫', '2D', '竖屏 9:16', 4, 5, '[]', '2026-04-02 16:00:00', '2026-04-02 16:00:00'),
(2, 'CMC20260403001', '霸总今天心动了吗',   3, '/uploads/images/covers/1775642394834.png', 90, '第15集', '动画漫', '2D', '竖屏 9:16', 4, 13, '[]', '2026-04-03 14:00:00', '2026-04-03 14:00:00');

-- ─── Comic Episodes ─────────────────────────────────────────
INSERT INTO comic_episodes (id, comic_id, episode_num, subtitled_url, raw_url, duration, file_size, thumbnail_url) VALUES
(1,  1, 1, '/uploads/videos/final/1775642435858.mp4', '/uploads/videos/final/1775642435864.mp4', 185, 62914560, ''),
(2,  1, 2, '/uploads/videos/final/1775642435861.mp4', '/uploads/videos/final/1775642435865.mp4', 192, 58720256, ''),
(3,  1, 3, '/uploads/videos/final/1775642435866.mp4', '/uploads/videos/final/1775642435867.mp4', 178, 55000000, ''),
(4,  1, 4, '/uploads/videos/final/1775642435868.mp4', '/uploads/videos/final/1775642456446.mp4', 190, 57000000, ''),
(5,  1, 5, '/uploads/videos/final/1775642456447.mp4', '/uploads/videos/final/1775642456450.mp4', 188, 56000000, ''),
(6,  2, 1, '/uploads/videos/final/1775642456442.mp4', '/uploads/videos/final/1775643012432.mp4', 195, 64000000, ''),
(7,  2, 2, '/uploads/videos/final/1775642456445.mp4', '/uploads/videos/final/1775643022381.mp4', 200, 60000000, ''),
(8,  2, 3, '/uploads/videos/final/1775643022382.mp4', '/uploads/videos/final/1775643022383.mp4', 180, 58000000, ''),
(9,  2, 4, '/uploads/videos/final/1775643022384.mp4', '/uploads/videos/final/1775643022385.mp4', 196, 62000000, ''),
(10, 2, 5, '/uploads/videos/final/1775643036245.mp4', '/uploads/videos/final/1775643036246.mp4', 188, 59000000, '');

-- ─── Review Tasks ───────────────────────────────────────────
-- Linked to production_tasks
INSERT INTO review_tasks (id, production_task_id, task_type, review_status, reviewer_id, episode_name, created_at, updated_at) VALUES
(1,  1, '初版审核',   '已通过',   2,    '把我的幸运分你一半', '2026-03-21 09:00:00', '2026-03-23 16:00:00'),
(2,  1, '终版审核',   '已通过',   2,    '把我的幸运分你一半', '2026-03-31 09:00:00', '2026-04-02 14:00:00'),
(3,  2, '初版审核',   '已通过',   11,   '霸总今天心动了吗',   '2026-03-23 09:00:00', '2026-03-25 15:00:00'),
(4,  2, '终版审核',   '已通过',   11,   '霸总今天心动了吗',   '2026-04-01 14:00:00', '2026-04-03 10:00:00'),
(5,  3, '初版审核',   '已通过',   6,    '必齐之江',           '2026-03-26 09:00:00', '2026-03-28 14:00:00'),
(6,  3, '终版审核',   '审核中',   6,    '必齐之江',           '2026-04-03 14:00:00', '2026-04-04 11:00:00'),
(7,  4, '初版审核',   '已通过',   2,    '等一颗流星',         '2026-03-27 09:00:00', '2026-03-29 16:00:00'),
(8,  5, '初版审核',   '审核中',   3,    '第一女首辅',         '2026-03-29 09:00:00', '2026-04-03 15:00:00'),
(9,  10,'初版审核',   '审核中',   11,   '青梅竹马囚禁了我',   '2026-03-31 09:00:00', '2026-04-01 10:00:00'),
(10, 13,'修改版审核', '审核中',   NULL, '把我的幸运分你一半',  '2026-04-06 10:00:00', '2026-04-06 10:00:00');

-- ─── Review Opinions ────────────────────────────────────────
INSERT INTO review_opinions (id, review_task_id, content, images, sort_order, created_at, updated_at) VALUES
(1, 1, '初版整体质量不错，第2集画面可以再优化', '[]', 1, '2026-03-23 16:00:00', '2026-03-23 16:00:00'),
(2, 3, '画风统一，节奏感好', '[]', 1, '2026-03-25 15:00:00', '2026-03-25 15:00:00'),
(3, 5, '场景还原度高，通过', '[]', 1, '2026-03-28 14:00:00', '2026-03-28 14:00:00'),
(4, 7, '初版不错，建议微调第1集开头', '[]', 1, '2026-03-29 16:00:00', '2026-03-29 16:00:00'),
(5, 8, '正在审核中，初步看画面质量较好', '[]', 1, '2026-04-03 15:00:00', '2026-04-03 15:00:00');

-- ─── Review Audit Logs ──────────────────────────────────────
INSERT INTO review_audit_logs (id, production_task_id, action, stage_type, operator_id, opinion_snapshot, created_at) VALUES
(1,  1, '认领审核', '初版', 2,  NULL, '2026-03-21 09:00:00'),
(2,  1, '审核通过', '初版', 2,  '["初版整体质量不错，第2集画面可以再优化"]', '2026-03-23 16:00:00'),
(3,  1, '认领审核', '终版', 2,  NULL, '2026-03-31 09:00:00'),
(4,  1, '审核通过', '终版', 2,  NULL, '2026-04-02 14:00:00'),
(5,  2, '认领审核', '初版', 11, NULL, '2026-03-23 09:00:00'),
(6,  2, '审核通过', '初版', 11, '["画风统一，节奏感好"]', '2026-03-25 15:00:00'),
(7,  2, '认领审核', '终版', 11, NULL, '2026-04-01 14:00:00'),
(8,  2, '审核通过', '终版', 11, NULL, '2026-04-03 10:00:00'),
(9,  3, '认领审核', '初版', 6,  NULL, '2026-03-26 09:00:00'),
(10, 3, '审核通过', '初版', 6,  '["场景还原度高，通过"]', '2026-03-28 14:00:00'),
(11, 3, '认领审核', '终版', 6,  NULL, '2026-04-03 14:00:00'),
(12, 4, '认领审核', '初版', 2,  NULL, '2026-03-27 09:00:00'),
(13, 4, '审核通过', '初版', 2,  '["初版不错，建议微调第1集开头"]', '2026-03-29 16:00:00'),
(14, 5, '认领审核', '初版', 3,  NULL, '2026-03-29 09:00:00'),
(15, 10,'认领审核', '初版', 11, NULL, '2026-03-31 09:00:00');

-- ─── Download Tasks ─────────────────────────────────────────
INSERT INTO download_tasks (id, comic_id, comic_name, download_content, status, file_url, expires_at, creator_id, created_at) VALUES
(1, 1, '把我的幸运分你一半', '有字幕视频', '已完成', '/downloads/comic1_subtitled.zip', '2026-04-10 16:00:00', 1, '2026-04-03 10:00:00'),
(2, 1, '把我的幸运分你一半', '无字幕视频', '已完成', '/downloads/comic1_raw.zip',       '2026-04-10 16:00:00', 1, '2026-04-03 10:30:00'),
(3, 1, '把我的幸运分你一半', '提审材料',   '已完成', '/downloads/comic1_review.zip',    '2026-04-10 16:00:00', 5, '2026-04-03 11:00:00'),
(4, 2, '霸总今天心动了吗',   '有字幕视频', '已完成', '/downloads/comic2_subtitled.zip', '2026-04-11 14:00:00', 1, '2026-04-04 09:00:00'),
(5, 2, '霸总今天心动了吗',   '无字幕视频', '进行中', '',                                NULL,                  13,'2026-04-04 09:30:00'),
(6, 2, '霸总今天心动了吗',   '提审材料',   '已失败', '',                                NULL,                  8, '2026-04-04 10:00:00');
